,auc,accuracy,confusion_matrix,class_0,class_1,micro avg,macro avg,weighted avg
0,0.7965069771949744,0.7237185704692979,"[[14870  5483]
 [ 5626 14230]]","{'precision': 0.7255074160811865, 'recall': 0.7306048248415467, 'f1-score': 0.7280471982178266, 'support': 20353}","{'precision': 0.7218586719423731, 'recall': 0.7166599516518937, 'f1-score': 0.7192499178649955, 'support': 19856}","{'precision': 0.7237185704692979, 'recall': 0.7237185704692979, 'f1-score': 0.7237185704692979, 'support': 40209}","{'precision': 0.7236830440117799, 'recall': 0.7236323882467202, 'f1-score': 0.723648558041411, 'support': 40209}","{'precision': 0.7237055940109962, 'recall': 0.7237185704692979, 'f1-score': 0.723702927067442, 'support': 40209}"
