,auc,accuracy,confusion_matrix,class_0,class_1,micro avg,macro avg,weighted avg
0,0.690565060871825,0.639458827625656,"[[13202  7151]
 [ 7346 12510]]","{'precision': 0.6424956200116799, 'recall': 0.6486513044759986, 'f1-score': 0.6455587882936847, 'support': 20353}","{'precision': 0.6362850312801994, 'recall': 0.6300362610797744, 'f1-score': 0.633145228635777, 'support': 19856}","{'precision': 0.639458827625656, 'recall': 0.639458827625656, 'f1-score': 0.639458827625656, 'support': 40209}","{'precision': 0.6393903256459397, 'recall': 0.6393437827778865, 'f1-score': 0.6393520084647308, 'support': 40209}","{'precision': 0.6394287083786555, 'recall': 0.639458827625656, 'f1-score': 0.6394287268505398, 'support': 40209}"
