,auc,accuracy,confusion_matrix,class_0,class_1,micro avg,macro avg,weighted avg
0,0.7697733933423979,0.7017334427615708,"[[14794  5559]
 [ 6434 13422]]","{'precision': 0.6969097418503862, 'recall': 0.726870731587481, 'f1-score': 0.7115749981962916, 'support': 20353}","{'precision': 0.7071281808123914, 'recall': 0.6759669621273167, 'f1-score': 0.6911965393825475, 'support': 19856}","{'precision': 0.7017334427615708, 'recall': 0.7017334427615708, 'f1-score': 0.7017334427615708, 'support': 40209}","{'precision': 0.7020189613313887, 'recall': 0.7014188468573987, 'f1-score': 0.7013857687894196, 'support': 40209}","{'precision': 0.7019558092489679, 'recall': 0.7017334427615708, 'f1-score': 0.7015117119119845, 'support': 40209}"
