,auc,accuracy,confusion_matrix,class_0,class_1,micro avg,macro avg,weighted avg
0,0.816778665429069,0.7408291675992937,"[[15236  5117]
 [ 5304 14552]]","{'precision': 0.7417721518987341, 'recall': 0.7485874318282317, 'f1-score': 0.7451642090333308, 'support': 20353}","{'precision': 0.7398444252376837, 'recall': 0.7328767123287672, 'f1-score': 0.7363440860215054, 'support': 19856}","{'precision': 0.7408291675992937, 'recall': 0.7408291675992937, 'f1-score': 0.7408291675992937, 'support': 40209}","{'precision': 0.7408082885682089, 'recall': 0.7407320720784994, 'f1-score': 0.7407541475274181, 'support': 40209}","{'precision': 0.7408202023207336, 'recall': 0.7408291675992937, 'f1-score': 0.7408086577258423, 'support': 40209}"
